{
  "src": [
    "drumSound.webm",
    "drumSound.mp3"
  ],
  "sprite": {
    "a-clap": [
      0,
      594.37641723356
    ],
    "a-crash": [
      2000,
      5540.022675736961
    ],
    "a-hihatclose": [
      9000,
      481.4965986394561
    ],
    "a-hihatopen": [
      11000,
      1723.2653061224496
    ],
    "a-kick": [
      14000,
      699.9546485260772
    ],
    "a-snare": [
      16000,
      605.1020408163267
    ],
    "a-tomhigh": [
      18000,
      1204.2857142857138
    ],
    "a-tomlow": [
      21000,
      823.4013605442171
    ],
    "e-clap": [
      23000,
      319.61451247165587
    ],
    "e-crash": [
      25000,
      2417.5736961451266
    ],
    "e-fx": [
      29000,
      858.5034013605436
    ],
    "e-hihatclose": [
      31000,
      178.61678004535264
    ],
    "e-hihatopen": [
      33000,
      412.8117913832199
    ],
    "e-kick": [
      35000,
      190.9977324263039
    ],
    "e-snare": [
      37000,
      181.85941043083886
    ],
    "e-tom": [
      39000,
      564.3990929705183
    ]
  }
}